﻿<values>
  <value name="CTime" type="qword">133555442271248459</value>
  <value name="vscodeversion" type="string">1.86.2</value>
  <value name="VSIs64BitProcess" type="string">True</value>
  <value name="extversion" type="string">1.4.29</value>
  <value name="ExeName" type="string">rzls</value>
  <value name="VSInstanceId" type="string">a43a4374-3c14-4285-ac2e-a7ad3189e90a1711070623235</value>
  <value name="PID" type="int">12945</value>
  <value name="ShutdownReason" type="int">3</value>
  <value name="StillAlive" type="qword">133555478276388714</value>
  <value name="extname" type="string">ms-dotnettools.csdevkit</value>
  <value name="VSExeVersion" type="string">7.0.24.16501</value>
</values>