﻿<values>
  <value name="vscodeversion" type="string">1.86.2</value>
  <value name="extname" type="string">ms-dotnettools.csdevkit</value>
  <value name="VSInstanceId" type="string">77491e43-86cd-4e7f-a2a5-f3d3163c8e9a1711068934347</value>
  <value name="extversion" type="string">1.4.29</value>
  <value name="ExeName" type="string">rzls</value>
  <value name="VSIs64BitProcess" type="string">True</value>
  <value name="ShutdownReason" type="int">3</value>
  <value name="PID" type="int">4382</value>
  <value name="StillAlive" type="qword">133555479409688594</value>
  <value name="CTime" type="qword">133555425399515917</value>
  <value name="VSExeVersion" type="string">7.0.24.16501</value>
</values>